corridor_id,path_name,waypoint_seq,station_code
KOL-DEL,grand_chord,1,HWH
KOL-DEL,grand_chord,2,BWN
KOL-DEL,grand_chord,3,ASN
KOL-DEL,grand_chord,4,DHN
KOL-DEL,grand_chord,5,GAYA
KOL-DEL,grand_chord,6,DDU
KOL-DEL,grand_chord,7,PRYJ
KOL-DEL,grand_chord,8,CNB
KOL-DEL,grand_chord,9,TDL
KOL-DEL,grand_chord,10,ALJN
KOL-DEL,grand_chord,11,GZB
KOL-DEL,grand_chord,12,NDLS
KOL-DEL,via_patna,1,HWH
KOL-DEL,via_patna,2,BWN
KOL-DEL,via_patna,3,ASN
KOL-DEL,via_patna,4,JSME
KOL-DEL,via_patna,5,KIUL
KOL-DEL,via_patna,6,PNBE
KOL-DEL,via_patna,7,ARA
KOL-DEL,via_patna,8,BXR
KOL-DEL,via_patna,9,DDU
KOL-DEL,via_patna,10,PRYJ
KOL-DEL,via_patna,11,CNB
KOL-DEL,via_patna,12,TDL
KOL-DEL,via_patna,13,ALJN
KOL-DEL,via_patna,14,GZB
KOL-DEL,via_patna,15,NDLS
KOL-DEL,via_lucknow,1,HWH
KOL-DEL,via_lucknow,2,BWN
KOL-DEL,via_lucknow,3,ASN
KOL-DEL,via_lucknow,4,DHN
KOL-DEL,via_lucknow,5,GAYA
KOL-DEL,via_lucknow,6,DDU
KOL-DEL,via_lucknow,7,BSB
KOL-DEL,via_lucknow,8,LKO
KOL-DEL,via_lucknow,9,BE
KOL-DEL,via_lucknow,10,MB
KOL-DEL,via_lucknow,11,GZB
KOL-DEL,via_lucknow,12,NDLS
DEL-PAT,main,1,NDLS
DEL-PAT,main,2,GZB
DEL-PAT,main,3,ALJN
DEL-PAT,main,4,TDL
DEL-PAT,main,5,CNB
DEL-PAT,main,6,PRYJ
DEL-PAT,main,7,DDU
DEL-PAT,main,8,BXR
DEL-PAT,main,9,ARA
DEL-PAT,main,10,PNBE
DEL-PAT,via_lucknow,1,NDLS
DEL-PAT,via_lucknow,2,GZB
DEL-PAT,via_lucknow,3,MB
DEL-PAT,via_lucknow,4,BE
DEL-PAT,via_lucknow,5,LKO
DEL-PAT,via_lucknow,6,BSB
DEL-PAT,via_lucknow,7,DDU
DEL-PAT,via_lucknow,8,BXR
DEL-PAT,via_lucknow,9,ARA
DEL-PAT,via_lucknow,10,PNBE
MUM-DEL,western,1,MMCT
MUM-DEL,western,2,BVI
MUM-DEL,western,3,ST
MUM-DEL,western,4,BRC
MUM-DEL,western,5,RTM
MUM-DEL,western,6,KOTA
MUM-DEL,western,7,SWM
MUM-DEL,western,8,MTJ
MUM-DEL,western,9,NZM
MUM-DEL,western,10,NDLS
MUM-DEL,central,1,CSMT
MUM-DEL,central,2,KYN
MUM-DEL,central,3,NK
MUM-DEL,central,4,BSL
MUM-DEL,central,5,ET
MUM-DEL,central,6,BPL
MUM-DEL,central,7,VGLJ
MUM-DEL,central,8,GWL
MUM-DEL,central,9,AGC
MUM-DEL,central,10,MTJ
MUM-DEL,central,11,NZM
MUM-DEL,central,12,NDLS
BLR-HYD,main,1,SBC
BLR-HYD,main,2,YPR
BLR-HYD,main,3,DMM
BLR-HYD,main,4,ATP
BLR-HYD,main,5,GTL
BLR-HYD,main,6,KRNT
BLR-HYD,main,7,MBNR
BLR-HYD,main,8,KCG
BLR-HYD,main,9,SC
KOL-MAS,east_coast,1,HWH
KOL-MAS,east_coast,2,KGP
KOL-MAS,east_coast,3,BLS
KOL-MAS,east_coast,4,BHC
KOL-MAS,east_coast,5,CTC
KOL-MAS,east_coast,6,BBS
KOL-MAS,east_coast,7,KUR
KOL-MAS,east_coast,8,BAM
KOL-MAS,east_coast,9,VZM
KOL-MAS,east_coast,10,VSKP
KOL-MAS,east_coast,11,RJY
KOL-MAS,east_coast,12,BZA
KOL-MAS,east_coast,13,OGL
KOL-MAS,east_coast,14,NLR
KOL-MAS,east_coast,15,GDR
KOL-MAS,east_coast,16,MAS
